id,title,description,image_link,link,product_type,brand,price,availability,item_group_id,checkout_url,additional_image_link,sale_price_effective_date,sale_price,condition,visibility,default_product,variant
2209_325,"Ghế trẻ em HAPPY","Việt Nam",https://chitrung.bmic.edu.vn/wp-content/uploads/2020/04/happy_children_chair_natural_narce_wood_uma_2209_corner.jpg,https://chitrung.bmic.edu.vn/sản%20phẩm/ghe-tre-em-happy/,"Nội thất cho bé","Chí Trung",799000VND,in stock,2209_325,https://chitrung.bmic.edu.vn/cart/?add-to-cart=325,,1970-01-29T00:00+00:00/1970-01-30T23:59+00:00,799000VND,new,published,,
1061604_324,"Ghế bành trẻ em TINTIN","moo tar san pham",https://chitrung.bmic.edu.vn/wp-content/uploads/2020/04/tintin_children_armchair_uma_1061604_1.jpg,https://chitrung.bmic.edu.vn/sản%20phẩm/ghe-banh-tre-em-tintin/,"Nội thất cho bé","Chí Trung",699000VND,in stock,1061604_324,https://chitrung.bmic.edu.vn/cart/?add-to-cart=324,,1970-01-29T00:00+00:00/2038-01-17T23:59+00:00,500000VND,new,published,,
4673_323,"Ghế bành trẻ em VIKING-JUNIOR","Chiếc ghế bành trẻ em VIKING JUNIOR mang thiết kế tạo sự thoải mái cho người ngồi với khung gỗ chắc chắn và đệm ngồi êm ái. Vỏ bọc đệm ngồi đi kèm dây kéo nên bạn có thể tháo ra để làm vệ sinh. Đệm ngồi có màu sắc sinh động, khiến trẻ vô cùng thích thú.",https://chitrung.bmic.edu.vn/wp-content/uploads/2020/04/ghe-banh-tre-em-viking-junior-4673-1-baya.vn_.jpg,https://chitrung.bmic.edu.vn/sản%20phẩm/ghe-banh-tre-em-viking-junior/,"Nội thất cho bé","Chí Trung",699000VND,in stock,4673_323,https://chitrung.bmic.edu.vn/cart/?add-to-cart=323,,1970-01-29T00:00+00:00/2038-01-17T23:59+00:00,500000VND,new,published,,
2219_322,"Ghế trẻ em KID","Đến với nội thất BAYA, chọn về cho bé ghế ăn trẻ em KID từ gỗ cao su bền chắc. Sản phẩm có thiết kế đẹp mắt và vững chãi, giữ nguyên màu gỗ tự nhiên, điểm nhấn làm đẹp gian phòng. Bạn có thể kết hợp cùng các sản phẩm trong cùng bộ sưu tập KID để hoàn thiện không gian sống của mình.",https://chitrung.bmic.edu.vn/wp-content/uploads/2020/04/ghe-tre-em-kid-2219-1-baya.vn_.jpg,https://chitrung.bmic.edu.vn/sản%20phẩm/ghe-tre-em-kid/,"Nội thất cho bé","Chí Trung",599000VND,in stock,2219_322,https://chitrung.bmic.edu.vn/cart/?add-to-cart=322,,1970-01-29T00:00+00:00/1970-01-30T23:59+00:00,599000VND,new,published,,
1096286_315,"Kệ trang trí CONNEMARA","Kệ trưng bày CONNEMARA - một thiết kế đặc biệt của BAYA là nơi bạn sắp xếp những vật dụng yêu thích như khung hình, ly rượu và các phụ kiện khác. Khung kệ làm từ thép sơn tĩnh điện bền chắc, đường bo cạnh và vít trang trí với màu đen mờ phối vàng đồng sáng là điểm nhấn bắt mắt đem lại vẻ đẹp sang trọng, hiện đại cho không gian.",https://chitrung.bmic.edu.vn/wp-content/uploads/2020/04/CONNEMARA_Art_shelf_UMA_1096286_1.jpg,https://chitrung.bmic.edu.vn/sản%20phẩm/ke-trang-tri-connemara/,"Tủ kệ","Chí Trung",299000VND,in stock,1096286_315,https://chitrung.bmic.edu.vn/cart/?add-to-cart=315,,1970-01-29T00:00+00:00/1970-01-30T23:59+00:00,299000VND,new,published,,
2059_314,"Móc treo đồ CATCH","Móc treo đồ tiện ích CATCH có thiết kế gọn nhẹ và dễ lắp đặt, giúp hoàn thiện nội thất ngôi nhà hiện đại ngay từ sảnh và lối vào. Sản phẩm được làm từ gỗ keo với 3 đầu móc kim loại phủ sơn cho độ bền cao, dễ sử dụng và vẻ ngoài đẹp mắt.",https://chitrung.bmic.edu.vn/wp-content/uploads/2020/04/moc-treo-do-catch-2059-1-baya.vn_.jpg,https://chitrung.bmic.edu.vn/sản%20phẩm/moc-treo-do-catch/,"Sản phẩm gắn tường","Chí Trung",89000VND,in stock,2059_314,https://chitrung.bmic.edu.vn/cart/?add-to-cart=314,,1970-01-29T00:00+00:00/1970-01-30T23:59+00:00,89000VND,new,published,,
1096248_316,"Móc treo đồ CONNEMARA","Giá treo CONNEMARA - một thiết kế đặc biệt của BAYA là nơi bạn sắp xếp những phụ kiện cần thiết phù hợp với mọi không gian. Sản phẩm làm từ thép sơn tĩnh điện bền chắc, đường bo cạnh và móc treo với màu đen mờ phối vàng đồng sáng là điểm nhấn bắt mắt đem lại vẻ đẹp sang trọng, hiện đại cho ngôi nhà bạn.",https://chitrung.bmic.edu.vn/wp-content/uploads/2020/04/CONNEMARA_Knob_rack_UMA_1096248_1.jpg,https://chitrung.bmic.edu.vn/sản%20phẩm/moc-treo-do-connemara/,"Sản phẩm gắn tường","Chí Trung",449000VND,in stock,1096248_316,https://chitrung.bmic.edu.vn/cart/?add-to-cart=316,,1970-01-29T00:00+00:00/1970-01-30T23:59+00:00,449000VND,new,published,,
5048Sản phẩm gồm:• 01 x Bàn trẻ em PIGLET.• 02 x Ghế trẻ em PIGLET._317,"Bộ bàn ghế trẻ em PIGLET","Việt Nam",https://chitrung.bmic.edu.vn/wp-content/uploads/2020/04/5048.jpg,https://chitrung.bmic.edu.vn/sản%20phẩm/bo-ban-ghe-tre-em-piglet/,"Nội thất cho bé","Chí Trung",1290000VND,in stock,5048Sản phẩm gồm:• 01 x Bàn trẻ em PIGLET.• 02 x Ghế trẻ em PIGLET._317,https://chitrung.bmic.edu.vn/cart/?add-to-cart=317,,1970-01-29T00:00+00:00/1970-01-30T23:59+00:00,1290000VND,new,published,,
2196_318,"Bàn trẻ em KID","Bàn trẻ em KID được thiết kế đơn giản trên gam màu gỗ sáng trang nhã đem lại vẻ đẹp mộc mạc và cảm giác dễ chịu cho không gian riêng của trẻ. Chất liệu gỗ cao su bền chắc, được đánh bóng bề mặt cho vẻ ngoài nhẵn đẹp, hạn chế vết bẩn và trầy xước. Chiếc bàn vừa là nơi con học bài, vừa có thể thư giãn với những món đồ chơi ưa thích.",https://chitrung.bmic.edu.vn/wp-content/uploads/2020/04/ban-tre-em-kid-2196-1-baya.vn_.jpg,https://chitrung.bmic.edu.vn/sản%20phẩm/ban-tre-em-kid/,"Bàn, Nội thất cho bé","Chí Trung",999000VND,in stock,2196_318,https://chitrung.bmic.edu.vn/cart/?add-to-cart=318,,1970-01-29T00:00+00:00/1970-01-30T23:59+00:00,999000VND,new,published,,
2200_319,"Bàn trẻ em PIGLET","Bàn trẻ em PIGLET của nội thất BAYA làm từ gỗ cao su, thân bàn sơn trắng phối mặt bàn màu gỗ tự nhiên. Sản phẩm thiết kế an toàn, các góc cạnh bo tròn, chiều cao phù hợp với bé. Ba mẹ hoàn toàn có thể yên tâm khi chọn mua bàn trẻ em PIGLET.",https://chitrung.bmic.edu.vn/wp-content/uploads/2020/04/ban-tre-em-piglet-2200-baya.vn_.jpg,https://chitrung.bmic.edu.vn/sản%20phẩm/ban-tre-em-piglet/,"Bàn, Nội thất cho bé","Chí Trung",899000VND,in stock,2200_319,https://chitrung.bmic.edu.vn/cart/?add-to-cart=319,,1970-01-29T00:00+00:00/1970-01-30T23:59+00:00,899000VND,new,published,,
2203_320,"Bàn TINTIN","Bàn tròn TINTIN được thiết kế theo phong cách tối giản, nổi bật với gam màu gỗ tự nhiên đẹp mắt. Sản phẩm được làm từ gỗ bạch dương chống ẩm tốt, có độ bền lâu dài. Hãy kết hợp chung với những món nội thất khác trong bộ sưu tập TINTIN từ BAYA để hoàn thiện phong cách nội thất của mình.",https://chitrung.bmic.edu.vn/wp-content/uploads/2020/04/ban-tintin-2203-1-baya.vn_.jpg,https://chitrung.bmic.edu.vn/sản%20phẩm/ban-tintin/,"Bàn","Chí Trung",699000VND,in stock,2203_320,https://chitrung.bmic.edu.vn/cart/?add-to-cart=320,,1970-01-29T00:00+00:00/1970-01-30T23:59+00:00,699000VND,new,published,,
2224_321,"Ghế trẻ em PIGLET","Ghế ăn trẻ em PIGLET của nội thất BAYA làm từ gỗ cao su, thân ghế sơn trắng phối mặt ghế màu gỗ tự nhiên. Sản phẩm thiết kế an toàn, các góc cạnh bo tròn, chiều cao phù hợp với bé. Ba mẹ hoàn toàn có thể yên tâm khi chọn mua ghế ăn trẻ em PIGLET.",https://chitrung.bmic.edu.vn/wp-content/uploads/2020/04/ghe-tre-em-piglet-2224-baya.vn_.jpg,https://chitrung.bmic.edu.vn/sản%20phẩm/ghe-tre-em-piglet/,"Nội thất cho bé","Chí Trung",499000VND,in stock,2224_321,https://chitrung.bmic.edu.vn/cart/?add-to-cart=321,,1970-01-29T00:00+00:00/1970-01-30T23:59+00:00,499000VND,new,published,,
2068_313,"Móc treo đồ GUARDIA","Móc treo đồ GUARDIA có thiết kế đơn giản và thiết thực, dễ lắp đặt. Chất liệu gỗ keo đã qua xử lý đem đến độ bền cao và vẻ ngoài đẹp mắt.",https://chitrung.bmic.edu.vn/wp-content/uploads/2020/04/moc-treo-do-guardia-2068-1-baya.vn_.jpg,https://chitrung.bmic.edu.vn/sản%20phẩm/moc-treo-do-guardia/,"Sản phẩm gắn tường","Chí Trung",89000VND,in stock,2068_313,https://chitrung.bmic.edu.vn/cart/?add-to-cart=313,,1970-01-29T00:00+00:00/1970-01-30T23:59+00:00,89000VND,new,published,,
2389_312,"Kệ gắn tường CATCH","Kệ gắn tường 3 tầng với thiết kế cơ bản, thuần chức năng nhưng không kém phần đẹp mắt và hiện đại nhờ gỗ keo kết hợp các chi tiết kim loại. Sản phẩm có độ bền cao và dễ lắp đặt. Hãy bổ sung trọn bộ sưu tập nội thất bằng gỗ keo CATCH từ BAYA dành cho sảnh và lối vào.",https://chitrung.bmic.edu.vn/wp-content/uploads/2020/04/ke-gan-tuong-catch-2389-1-baya.vn_.jpg,https://chitrung.bmic.edu.vn/sản%20phẩm/ke-gan-tuong-catch/,"Tủ kệ","Chí Trung",699000VND,in stock,2389_312,https://chitrung.bmic.edu.vn/cart/?add-to-cart=312,,1970-01-29T00:00+00:00/1970-01-30T23:59+00:00,699000VND,new,published,,
2394_311,"Wall-shelf-brackets LOKKO","Giá đỡ kệ LOKKO được làm từ gỗ keo bền chắc mang lại nét đẹp mộc mạc và khác biệt so với các loại giá đỡ bằng nhựa hay kim loại. Cố định sản phẩm trên tường nơi bạn muốn gắn kệ, đặt mặt ván lên giá đỡ là bạn đã có ngay một chiếc kệ sách, kệ gia vị hay kệ trang trí mà không mất quá nhiều thời gian hay công sức.",https://chitrung.bmic.edu.vn/wp-content/uploads/2020/04/tay-do-lokko-2394-baya.vn_.jpg,https://chitrung.bmic.edu.vn/sản%20phẩm/wall-shelf-brackets-lokko-2/,"Sản phẩm gắn tường","Chí Trung",69000VND,in stock,2394_311,https://chitrung.bmic.edu.vn/cart/?add-to-cart=311,,1970-01-29T00:00+00:00/1970-01-30T23:59+00:00,69000VND,new,published,,
2395_310,"Wall-shelf-brackets LOKKO","Giá đỡ kệ LOKKO được làm từ gỗ keo bền chắc mang lại nét đẹp mộc mạc và khác biệt so với các loại giá đỡ bằng nhựa hay kim loại. Cố định sản phẩm trên tường nơi bạn muốn gắn kệ, đặt mặt ván lên giá đỡ là bạn đã có ngay một chiếc kệ sách, kệ gia vị hay kệ trang trí mà không mất quá nhiều thời gian hay công sức.",https://chitrung.bmic.edu.vn/wp-content/uploads/2020/04/tay-do-lokko-2395-baya.vn_.jpg,https://chitrung.bmic.edu.vn/sản%20phẩm/wall-shelf-brackets-lokko/,"Sản phẩm gắn tường","Chí Trung",69000VND,in stock,2395_310,https://chitrung.bmic.edu.vn/cart/?add-to-cart=310,,1970-01-29T00:00+00:00/1970-01-30T23:59+00:00,69000VND,new,published,,
2397_309,"Kệ trang trí LOKA","Kệ gỗ LOKA cung cấp thêm không gian trưng bày và lưu trữ cho tổ ấm. Sản phẩm dễ lắp đặt và có độ bền cao nhờ chất liệu gỗ keo tự nhiên. Hãy khám phá trọn bộ sưu tập kệ LOKA từ BAYA với nhiều màu sắc và kích thước.",https://chitrung.bmic.edu.vn/wp-content/uploads/2020/04/ke-trang-tri-loka-2397-1-baya.vn_.jpg,https://chitrung.bmic.edu.vn/sản%20phẩm/ke-trang-tri-loka-3/,"Tủ kệ","Chí Trung",99000VND,in stock,2397_309,https://chitrung.bmic.edu.vn/cart/?add-to-cart=309,,1970-01-29T00:00+00:00/1970-01-30T23:59+00:00,99000VND,new,published,,
2404_308,"Kệ trang trí LOKA","Kệ gỗ LOKA cung cấp thêm không gian trưng bày và lưu trữ cho tổ ấm. Sản phẩm dễ lắp đặt và có độ bền cao nhờ chất liệu gỗ keo tự nhiên. Hãy khám phá trọn bộ sưu tập kệ LOKA từ BAYA với nhiều màu sắc và kích thước.",https://chitrung.bmic.edu.vn/wp-content/uploads/2020/04/ke-trang-tri-loka-2404-1-baya.vn_.jpg,https://chitrung.bmic.edu.vn/sản%20phẩm/ke-trang-tri-loka-2/,"Tủ kệ","Chí Trung",199000VND,in stock,2404_308,https://chitrung.bmic.edu.vn/cart/?add-to-cart=308,,1970-01-29T00:00+00:00/1970-01-30T23:59+00:00,199000VND,new,published,,
2411_307,"Kệ trang trí LOKA","Kệ gỗ LOKA cung cấp thêm không gian trưng bày và lưu trữ cho tổ ấm. Sản phẩm dễ lắp đặt và có độ bền cao. Hãy khám phá trọn bộ sưu tập kệ LOKA từ BAYA với nhiều màu sắc và kích thước.",https://chitrung.bmic.edu.vn/wp-content/uploads/2020/04/ke-trang-tri-loka-2411-baya.vn_.jpg,https://chitrung.bmic.edu.vn/sản%20phẩm/ke-trang-tri-loka/,"Tủ kệ","Chí Trung",199000VND,in stock,2411_307,https://chitrung.bmic.edu.vn/cart/?add-to-cart=307,,1970-01-29T00:00+00:00/1970-01-30T23:59+00:00,199000VND,new,published,,
1048506_303,"Gương treo tường MOZART","Gương gắn tường từ bộ sưu tập MOZART do BAYA thiết kế sẽ đem đến nét thanh lịch và sang trọng cho không gian sống của bạn. Sản phẩm từ gỗ cao su bền bỉ và giúp bạn tiết kiệm không gian thật hiệu quả. Hãy khám phá trọn bộ sưu tập MOZART để chọn cho tổ ấm những món nội thất thật đẹp.",https://chitrung.bmic.edu.vn/wp-content/uploads/2020/04/MOZART_Wall_mirror_MDF_Rubber_wood_White_UMA_1048506.jpg.jpg,https://chitrung.bmic.edu.vn/sản%20phẩm/guong-treo-tuong-mozart/,"Gương, Sản Phẩm Sale","Chí Trung",699000VND,in stock,1048506_303,https://chitrung.bmic.edu.vn/cart/?add-to-cart=303,,1970-01-29T00:00+00:00/2038-01-17T23:59+00:00,500000VND,new,published,,
1064360_301,"Gương treo tường KITKA","Gương treo tường KITKA đơn giản mang đến phong cách hiện đại cho bất kỳ không gian nào của gia đình bạn. Sản phẩm có khung làm từ gỗ cao su chắc chắn, giữ cho gương luôn được cố định vị trí. Đặt gương vào vị trí phù hợp, bạn có thể thoải mái bổ sung các vật dụng khác để hoàn thiện căn phòng.",https://chitrung.bmic.edu.vn/wp-content/uploads/2020/04/KITKA_Wall_Mirror_with_Shelf_MDF_Rubber_wood_Walnut_UMA_1064360_corner.jpg.jpg,https://chitrung.bmic.edu.vn/sản%20phẩm/guong-treo-tuong-kitka/,"Gương","Chí Trung",899000VND,in stock,1064360_301,https://chitrung.bmic.edu.vn/cart/?add-to-cart=301,,1970-01-29T00:00+00:00/1970-01-30T23:59+00:00,899000VND,new,published,,
1048513_302,"Gương đứng MOZART","Gương đứng MOZART do BAYA thiết kế sẽ đem đến vẻ đẹp trang nhã, sang trọng cho không gian nội thất. Sản phẩm có thể gấp gọn và dễ di chuyển, giúp bạn tiết kiệm diện tích phòng thật hiệu quả. Hãy khám phá thêm các món nội thất còn lại trong bộ sưu tập MOZART bằng gỗ cao su từ BAYA.",https://chitrung.bmic.edu.vn/wp-content/uploads/2020/04/mozart_standing_mirror_mdf_rubber_wood_white_uma_1048513_corner.jpg,https://chitrung.bmic.edu.vn/sản%20phẩm/guong-dung-mozart/,"Gương, Sản Phẩm Sale","Chí Trung",1590000VND,in stock,1048513_302,https://chitrung.bmic.edu.vn/cart/?add-to-cart=302,,1970-01-29T00:00+00:00/2038-01-17T23:59+00:00,900000VND,new,published,,
1032406_304,"Gương để bàn trang điểm HARRIS","Gương HARRIS từ gỗ sồi sẽ giúp góc làm đẹp của bạn thêm sang trọng, ấn tượng. Sẽ hoàn hảo hơn khi kết hợp chiếc gương này cùng bàn trang điểm HARRIS. Hãy bổ sung thêm các món nội thất khác trong bộ sưu tập ALI từ gỗ sồi để hoàn thiện không gian sống thật đẹp và tiện nghi của bạn.",https://chitrung.bmic.edu.vn/wp-content/uploads/2020/04/guong-de-ban-trang-diem-harris-1032406-1-baya.vn_.jpg,https://chitrung.bmic.edu.vn/sản%20phẩm/guong-de-ban-trang-diem-harris/,"Gương","Chí Trung",999000VND,in stock,1032406_304,https://chitrung.bmic.edu.vn/cart/?add-to-cart=304,,1970-01-29T00:00+00:00/1970-01-30T23:59+00:00,999000VND,new,published,,
4688_305,"Kệ trưng bày NIKKI","Thoải mái sắp xếp các vật dụng cần thiết với giá để đồ NIKKI từ nội thất BAYA. Giá được làm từ chất liệu gỗ keo chắc chắn, phủ sơn đen sang trọng, chia thành 2 tầng để dễ dàng sử dụng. Kết hợp giá cùng các sản phẩm khác trong cùng bộ sưu tập NIKKI để hoàn thiện nội thất.",https://chitrung.bmic.edu.vn/wp-content/uploads/2020/04/ke-trung-bay-nikki-4688-baya.vn_.jpg,https://chitrung.bmic.edu.vn/sản%20phẩm/ke-trung-bay-nikki/,"Phòng Khách, Tủ kệ","Chí Trung",899000VND,in stock,4688_305,https://chitrung.bmic.edu.vn/cart/?add-to-cart=305,,1970-01-29T00:00+00:00/1970-01-30T23:59+00:00,899000VND,new,published,,
4687_306,"Kệ trưng bày NIKKI","Kệ NIKKI với độ rộng lý tưởng để bạn dùng làm kệ sách hoặc trưng bày đồ vật trong nhà. Sản phẩm dễ lắp đặt, cho độ bền cao và có 2 phiên bản màu (màu gỗ tự nhiên và màu đen).",https://chitrung.bmic.edu.vn/wp-content/uploads/2020/04/ke-trung-bay-nikki-4687-baya.vn_.jpg,https://chitrung.bmic.edu.vn/sản%20phẩm/ke-trung-bay-nikki-2/,"Tủ kệ","Chí Trung",799000VND,in stock,4687_306,https://chitrung.bmic.edu.vn/cart/?add-to-cart=306,,1970-01-29T00:00+00:00/1970-01-30T23:59+00:00,799000VND,new,published,,
1064384_300,"Gương đứng KITKA","Gương đứng KITKA mang lại nét đẹp cổ điển cho không gian với tông màu nâu trầm và thiết kế theo phong cách retro. Gương cao 165cm, có thể thoải mái điều chỉnh độ nghiêng. Kết hợp cùng các sản phẩm khác trong bộ sưu tập KITKA đến từ BAYA để hoàn thiện việc bày trí nội thất cho ngôi nhà bạn.",https://chitrung.bmic.edu.vn/wp-content/uploads/2020/04/KITKA_Standing_Mirror_MDF_Rubber_wood_Walnut_UMA_1064384_corner.jpg.jpg,https://chitrung.bmic.edu.vn/sản%20phẩm/guong-dung-kitka/,"Gương","Chí Trung",2490000VND,in stock,1064384_300,https://chitrung.bmic.edu.vn/cart/?add-to-cart=300,,1970-01-29T00:00+00:00/1970-01-30T23:59+00:00,2490000VND,new,published,,
1073546_299,"Gương treo tường GUARDIA","Là một thiết kế của nội thất BAYA, gương treo tường GUARDIA ghi điểm với thiết kế đơn giản đầy tinh tế. Phần khung được làm từ gỗ keo chắc chắn, gương dày dặn, cho độ bền cao. Sản phẩm thích hợp với nhiều không gian nội thất khác nhau, từ hiện đại cho đến cổ điển.",https://chitrung.bmic.edu.vn/wp-content/uploads/2020/04/GUARDIA_Wall_Mirror_Acacia_UMA_1073546_front.jpg,https://chitrung.bmic.edu.vn/sản%20phẩm/guong-treo-tuong-guardia-2/,"Gương","Chí Trung",449000VND,in stock,1073546_299,https://chitrung.bmic.edu.vn/cart/?add-to-cart=299,,1970-01-29T00:00+00:00/1970-01-30T23:59+00:00,449000VND,new,published,,
3475_294,"Gương đứng ALI","Gương đứng soi được toàn thân với khung gỗ thông tự nhiên đẹp mắt, chắc chắn. Hãy bổ sung thêm các món nội thất khác trong bộ sưu tập ALI từ gỗ thông dành cho tổ ấm của bạn.",https://chitrung.bmic.edu.vn/wp-content/uploads/2020/04/guong-dung-ali-3475-1-baya.vn_.jpg,https://chitrung.bmic.edu.vn/sản%20phẩm/guong-dung-ali/,"Gương, Sản Phẩm Sale","Chí Trung",1690000VND,in stock,3475_294,https://chitrung.bmic.edu.vn/cart/?add-to-cart=294,,1970-01-29T00:00+00:00/2038-01-17T23:59+00:00,1000000VND,new,published,,
3479_293,"Gương treo tường CATCH","Được thiết kế đơn giản và tự nhiên với chất liệu gỗ keo bền chắc, gương treo tường CATCH mang lại nét hiện đại, trang nhã cho không gian sống của bạn. Sản phẩm có thể đặt tại nhiều khu vực như sảnh và lối vào, phòng ngủ, phòng tắm… thuận tiện cho việc nhìn ngắm mình trong gương của chủ nhân và trang trí cho ngôi nhà thêm cảm hứng.",https://chitrung.bmic.edu.vn/wp-content/uploads/2020/04/guong-treo-tuong-catch-3479-baya.vn_.jpg,https://chitrung.bmic.edu.vn/sản%20phẩm/guong-treo-tuong-catch/,"Gương","Chí Trung",249000VND,in stock,3479_293,https://chitrung.bmic.edu.vn/cart/?add-to-cart=293,,1970-01-29T00:00+00:00/1970-01-30T23:59+00:00,249000VND,new,published,,
1098365_295,"Gương treo tường BERNIE","Được thiết kế đơn giản, chất liệu MFC chắc chắn với màu gỗ tự nhiên tươi sáng, gương treo tường BERNIE mang lại nét trang nhã và sang trọng cho không gian sống của bạn. Sản phẩm có thể đặt tại nhiều khu vực như sảnh và lối vào, phòng ngủ, phòng tắm… thuận tiện cho việc nhìn ngắm mình trong gương của chủ nhân và trang trí cho ngôi nhà thêm cảm hứng.",https://chitrung.bmic.edu.vn/wp-content/uploads/2020/04/BERNIE_Wall_mirror_UMA_1098365_1.jpg,https://chitrung.bmic.edu.vn/sản%20phẩm/guong-treo-tuong-bernie/,"Gương","Chí Trung",349000VND,in stock,1098365_295,https://chitrung.bmic.edu.vn/cart/?add-to-cart=295,,1970-01-29T00:00+00:00/1970-01-30T23:59+00:00,349000VND,new,published,,
1089219_296,"Gương treo tường ALBANY","Chiếc gương treo tường ALBANY được làm từ chất liệu gỗ sồi tự nhiên và MDF được phủ lớp veneer cao cấp, tạo độ bền cho sản phẩm. Thiết kế gương hình chữ nhật đơn giản, sang trọng và tinh tế. Bạn có thể treo gương lên tường tạo điểm nhấn hoặc kết hợp cùng tủ trong bộ sưu tập ALBANY để tăng thêm tính thẩm mỹ cho không gian sống.",https://chitrung.bmic.edu.vn/wp-content/uploads/2020/04/ALBANY_Wall_mirror_Oak_veneer_Oak_MDF_Dark_UMA_1089219.jpg.jpg,https://chitrung.bmic.edu.vn/sản%20phẩm/guong-treo-tuong-albany/,"Gương","Chí Trung",1590000VND,in stock,1089219_296,https://chitrung.bmic.edu.vn/cart/?add-to-cart=296,,1970-01-29T00:00+00:00/1970-01-30T23:59+00:00,1590000VND,new,published,,
1078428_297,"Gương treo tường GUARDIA","Là một thiết kế của nội thất BAYA, gương treo tường GUARDIA ghi điểm với thiết kế đơn giản đầy tinh tế. Phần khung được làm từ gỗ keo chắc chắn, gương dày dặn, cho độ bền cao. Sản phẩm thích hợp với nhiều không gian nội thất khác nhau, từ hiện đại cho đến cổ điển.",https://chitrung.bmic.edu.vn/wp-content/uploads/2020/04/GUARDIA_Wall_Mirror_Acacia_White_UMA_1078428_front.jpg.jpg,https://chitrung.bmic.edu.vn/sản%20phẩm/guong-treo-tuong-guardia/,"Gương","Chí Trung",449000VND,in stock,1078428_297,https://chitrung.bmic.edu.vn/cart/?add-to-cart=297,,1970-01-29T00:00+00:00/1970-01-30T23:59+00:00,449000VND,new,published,,
1073560_298,"Gương đứng GUARDIA","Gương đứng GUARDIA với khung làm từ gỗ keo tự nhiên bền chắc mang lại nét đẹp gần gũi, hiện đại cho ngôi nhà bạn. Gương soi được toàn thân, thích hợp đặt tại sảnh và lối vào cũng như trong phòng ngủ. Giá đỡ gấp gọn được, giúp tiết kiệm diện tích khi không sử dụng. Kệ nhỏ phía sau cho bạn thoải mái sắp xếp các vật dụng như xi đánh giày, áo mưa, mũ…",https://chitrung.bmic.edu.vn/wp-content/uploads/2020/04/GUARDIA_Standing_Mirror_Acacia_UMA_1073560_corner_1.jpg,https://chitrung.bmic.edu.vn/sản%20phẩm/guong-dung-guardia/,"Gương","Chí Trung",1590000VND,in stock,1073560_298,https://chitrung.bmic.edu.vn/cart/?add-to-cart=298,,1970-01-29T00:00+00:00/1970-01-30T23:59+00:00,1590000VND,new,published,,
1096408_292,"Tủ kính CONNEMARA","Tủ kính CONNEMARA - một thiết kế đặc biệt của BAYA là nơi bạn sắp xếp chai rượu, khung ảnh… hay vật dụng bàn ăn. Khung tủ làm từ thép sơn tĩnh điện bền chắc và kính cao cấp, các chi tiết bo tròn với màu đen mờ và vàng đồng sáng là điểm nhấn bắt mắt. Lưng tủ bằng gương đem lại vẻ đẹp sang trọng, hiện đại và cảm giác rộng rãi cho không gian.",https://chitrung.bmic.edu.vn/wp-content/uploads/2020/04/CONNEMARA_Glass_cabinet_UMA_1096408_1.jpg.jpg,https://chitrung.bmic.edu.vn/sản%20phẩm/tu-kinh-connemara/,"Tủ kệ","Chí Trung",9990000VND,in stock,1096408_292,https://chitrung.bmic.edu.vn/cart/?add-to-cart=292,,1970-01-29T00:00+00:00/1970-01-30T23:59+00:00,9990000VND,new,published,,
1097825_291,"Tủ kính MOZART","Tủ kính MOZART được thiết kế bởi BAYA sẽ là nơi trưng bày và lưu trữ lý tưởng cho bộ bát đĩa yêu thích hay những vật lưu niệm của bạn. Sản phẩm có khung gỗ chắc chắn, thiết kế có cửa kính gồm nhiều tầng chứa kèm hai ngăn kéo tiện dụng. Mặt trên cùng được giữ lại màu gỗ tự nhiên kết hợp với thân tủ phủ sơn trắng giúp đem lại vẻ đẹp trang nhã, sang trọng cho căn phòng. Hãy bổ sung thêm các món nội thất khác trong bộ sưu tập MOZART từ BAYA cho tổ ấm của mình.",https://chitrung.bmic.edu.vn/wp-content/uploads/2020/04/tu-kinh-mozart-1097825-1.jpg,https://chitrung.bmic.edu.vn/sản%20phẩm/tu-kinh-mozart/,"Tủ kệ","Chí Trung",3990000VND,in stock,1097825_291,https://chitrung.bmic.edu.vn/cart/?add-to-cart=291,,1970-01-29T00:00+00:00/1970-01-30T23:59+00:00,3990000VND,new,published,,
2098_290,"Ghế thay giày CATCH","Sở hữu thiết kế đa năng, ghế thay giày CATCH là giải pháp hoàn hảo cho việc sắp xếp giày một cách ngăn nắp, đồng thời tiết kiệm thời gian, công sức mỗi khi muốn thay một đôi giày ưng ý để ra ngoài. Sản phẩm với kiểu dáng đơn giản, sử dụng chất liệu gỗ keo kết hợp với kim loại cao cấp, tạo nên sự chắc chắn, bền đẹp trong suốt quá trình sử dụng. Ghế thay giày trong gam màu gỗ mộc mạc, khó dính bẩn, hứa hẹn sẽ mang đến không gian sống, sinh hoạt tiện ích, cổ điển, nhưng không kém phần sang trọng.",https://chitrung.bmic.edu.vn/wp-content/uploads/2020/04/ghe-thay-giay-catch-2098-baya.vn_.jpg,https://chitrung.bmic.edu.vn/sản%20phẩm/ghe-thay-giay-catch/,"Ghế","Chí Trung",1990000VND,in stock,2098_290,https://chitrung.bmic.edu.vn/cart/?add-to-cart=290,,1970-01-29T00:00+00:00/1970-01-30T23:59+00:00,1990000VND,new,published,,
2109_289,"Kệ giày ROBERT","Giá giày ROBERT là giải pháp hoàn hảo cho việc sắp xếp giày một cách ngăn nắp và là điểm nhấn cho không gian sảnh & lối vào. Sản phẩm với kiểu dáng đơn giản, sử dụng chất liệu gỗ tràm keo phủ sơn đen tạo nên sự chắc chắn, bền đẹp trong suốt quá trình sử dụng. Sản phẩm khó dính bẩn mang đến vẻ đẹp sang trọng và tiện nghi cho gia đình bạn.",https://chitrung.bmic.edu.vn/wp-content/uploads/2020/04/ke-giay-robert-2109-baya.vn_.jpg,https://chitrung.bmic.edu.vn/sản%20phẩm/ke-giay-robert/,"Tủ kệ","Chí Trung",399000VND,in stock,2109_289,https://chitrung.bmic.edu.vn/cart/?add-to-cart=289,,1970-01-29T00:00+00:00/1970-01-30T23:59+00:00,399000VND,new,published,,
2117_288,"Kệ giày TOBAGO","Với chất liệu gỗ thông, bền đẹp thân thiện với môi trường, giá giày TOBAGO rất thích hợp cho việc cất giữ giầy dép một cách ngăn nắp, sạch sẽ và tô điểm thêm màu sắc cho ngôi nhà của bạn đẹp mắt. Các góc cạnh cạnh được gia công kỹ lưỡng, bề mặt nhẵn bóng tạo tính thẩm mỹ cao, thiết kế chắc chắn, có 3 tầng tiện dụng.",https://chitrung.bmic.edu.vn/wp-content/uploads/2020/04/ke-giay-tobago-2117-1-baya.vn_.jpg,https://chitrung.bmic.edu.vn/sản%20phẩm/ke-giay-tobago-4/,"Tủ kệ","Chí Trung",499000VND,in stock,2117_288,https://chitrung.bmic.edu.vn/cart/?add-to-cart=288,,1970-01-29T00:00+00:00/1970-01-30T23:59+00:00,499000VND,new,published,,
2120_287,"Kệ giày TOBAGO","Giá Giày TOBAGO có thiết kế 4 tầng với chiều ngang 72cm, cho sức chứa khoảng 12 đôi giày cùng một lúc. Sản phẩm cho độ bền cao và vẻ đẹp mộc mạc.",https://chitrung.bmic.edu.vn/wp-content/uploads/2020/04/ke-giay-tobago-2120-1-baya.vn_.jpg,https://chitrung.bmic.edu.vn/sản%20phẩm/ke-giay-tobago-3/,"Tủ kệ","Chí Trung",599000VND,in stock,2120_287,https://chitrung.bmic.edu.vn/cart/?add-to-cart=287,,1970-01-29T00:00+00:00/1970-01-30T23:59+00:00,599000VND,new,published,,
2123_286,"Kệ giày TOBAGO","Với chất liệu gỗ thông, bền đẹp thân thiện với môi trường, giá giày TOBAGO rất thích hợp cho việc cất giữ giầy dép một cách ngăn nắp, sạch sẽ và tô điểm thêm màu sắc cho ngôi nhà của bạn đẹp mắt. Các góc cạnh cạnh được gia công kỹ lưỡng, bề mặt nhẵn bóng tạo tính thẩm mỹ cao, thiết kế chắc chắn, có 5 tầng tiện dụng.",https://chitrung.bmic.edu.vn/wp-content/uploads/2020/04/ke-giay-tobago-2123-baya.vn_.jpg,https://chitrung.bmic.edu.vn/sản%20phẩm/ke-giay-tobago-2/,"Tủ kệ","Chí Trung",699000VND,in stock,2123_286,https://chitrung.bmic.edu.vn/cart/?add-to-cart=286,,1970-01-29T00:00+00:00/1970-01-30T23:59+00:00,699000VND,new,published,,
2140_285,"Ghế dài BANG","Ghế băng dài BANG làm bằng gỗ thông, mặt ghế được thiết kế từ nhiều thanh gỗ ghép lại, kiểu dáng trang nhã sang trọng. Đây là một sản phẩm đa năng đến từ nội thất BAYA với gam màu nâu sáng trang nhã.",https://chitrung.bmic.edu.vn/wp-content/uploads/2020/04/ghe-dai-bang-2140-baya.vn_.jpg,https://chitrung.bmic.edu.vn/sản%20phẩm/ghe-dai-bang/,"Ghế","Chí Trung",649000VND,in stock,2140_285,https://chitrung.bmic.edu.vn/cart/?add-to-cart=285,,1970-01-29T00:00+00:00/1970-01-30T23:59+00:00,649000VND,new,published,,
1099911• Chất liệu gỗ óc chó cao cấp\n• Thêm kệ mở tiện ích\n• Phong cách Á Đông & Việt Nam đương đại_281,"Giá treo quần áo AKIO","Gỗ Óc chó/Veneer Óc chó",https://chitrung.bmic.edu.vn/wp-content/uploads/2020/04/akio_clothes_rack_uma_1099911_1.jpg,https://chitrung.bmic.edu.vn/sản%20phẩm/gia-treo-quan-ao-akio/,"Sản phẩm gắn tường","Chí Trung",3990000VND,in stock,1099911• Chất liệu gỗ óc chó cao cấp\n• Thêm kệ mở tiện ích\n• Phong cách Á Đông & Việt Nam đương đại_281,https://chitrung.bmic.edu.vn/cart/?add-to-cart=281,,1970-01-29T00:00+00:00/1970-01-30T23:59+00:00,3990000VND,new,published,,
4585_282,"Kệ giày PILOT","Giá giày PILOT giúp cho nhà bạn thêm ngăn nắp và trang nhã. Thiết kế 2 trong 1 với tầng trên cùng có thể được dùng như ghế thay giày.",https://chitrung.bmic.edu.vn/wp-content/uploads/2020/04/ke-giay-pilot-4585-baya.vn_.jpg,https://chitrung.bmic.edu.vn/sản%20phẩm/ke-giay-pilot/,"Tủ kệ","Chí Trung",729000VND,in stock,4585_282,https://chitrung.bmic.edu.vn/cart/?add-to-cart=282,,1970-01-29T00:00+00:00/1970-01-30T23:59+00:00,729000VND,new,published,,
4161_283,"Kệ TV TREVOR","Kệ TV TREVOR không chỉ hoàn thiện không gian giải trí mà còn giúp bạn lưu trữ nhiều đồ vật hơn với 2 ngăn kéo và 1 ngăn chứa mở. Chân kệ bằng thép để đảm bảo độ vững chắc, mặt sau kệ có các lỗ tròn để bạn luồn dây cáp điện thật gọn gàng. Sản phẩm sẽ hoàn hảo hơn khi kết hợp cùng bàn cà phê TREVOR từ BAYA.",https://chitrung.bmic.edu.vn/wp-content/uploads/2020/04/ke-tv-trevor-4161-1-baya.vn_.jpg,https://chitrung.bmic.edu.vn/sản%20phẩm/ke-tv-trevor/,"Tủ kệ","Chí Trung",3990000VND,in stock,4161_283,https://chitrung.bmic.edu.vn/cart/?add-to-cart=283,,1970-01-29T00:00+00:00/1970-01-30T23:59+00:00,3990000VND,new,published,,
2125_284,"Kệ giày TOBAGO","Với chất liệu gỗ thông, bền đẹp thân thiện với môi trường, giá giày TOBAGO rất thích hợp cho việc cất giữ giầy dép một cách ngăn nắp, sạch sẽ và tô điểm thêm màu sắc cho ngôi nhà của bạn đẹp mắt. Các góc cạnh cạnh được gia công kỹ lưỡng, bề mặt nhẵn bóng tạo tính thẩm mỹ cao, thiết kế chắc chắn, có 6 tầng tiện dụng.",https://chitrung.bmic.edu.vn/wp-content/uploads/2020/04/ke-giay-tobago-2125-baya.vn_.jpg,https://chitrung.bmic.edu.vn/sản%20phẩm/ke-giay-tobago/,"Tủ kệ","Chí Trung",799000VND,in stock,2125_284,https://chitrung.bmic.edu.vn/cart/?add-to-cart=284,,1970-01-29T00:00+00:00/1970-01-30T23:59+00:00,799000VND,new,published,,
341_280,"Ghế ăn BAVARIA","Ghế ăn BAVARIA đơn sắc với tựa lưng cao ráo và khả năng chịu nước tốt thích hợp cho nhiều mục đích sử dụng và phong cách nội thất đa dạng. Thiết kế hiện đại với chân kim loại thanh mảnh nhưng chắc chắn và mặt ghế bằng gỗ đoạn mỏng nhẹ có đường cong đẹp mắt, chiếc ghế mang lại cảm giác dễ chịu và thoải mái cho không gian sống của bạn.",https://chitrung.bmic.edu.vn/wp-content/uploads/2020/04/ghe-an-bavaria-341-1-baya.vn_.jpg,https://chitrung.bmic.edu.vn/sản%20phẩm/ghe-an-bavaria/,"Ghế","Chí Trung",749000VND,in stock,341_280,https://chitrung.bmic.edu.vn/cart/?add-to-cart=280,,1970-01-29T00:00+00:00/1970-01-30T23:59+00:00,749000VND,new,published,,
343_279,"Ghế ăn BIANCA","Thiết kế có thể gấp gọn giúp bạn tiết kiệm không gian. Hãy kết hợp chiếc ghế này với bàn ăn BIANCA để có một bộ hoàn chỉnh.",https://chitrung.bmic.edu.vn/wp-content/uploads/2020/04/ghe-an-bianca-343-1-baya.vn_.jpg,https://chitrung.bmic.edu.vn/sản%20phẩm/ghe-an-bianca/,"Ghế","Chí Trung",499000VND,in stock,343_279,https://chitrung.bmic.edu.vn/cart/?add-to-cart=279,,1970-01-29T00:00+00:00/1970-01-30T23:59+00:00,499000VND,new,published,,
354_278,"Ghế ăn COSSACK","Ghế ăn COSSACK đơn sắc với tựa lưng cao ráo thích hợp cho nhiều mục đích sử dụng và phong cách nội thất đa dạng. Thiết kế hiện đại với chân kim loại thanh mảnh nhưng chắc chắn, mặt ghế từ chất liệu PVC bền bỉ và đường cong đẹp mắt, chiếc ghế mang lại cảm giác dễ chịu và thoải mái cho không gian sống của bạn.",https://chitrung.bmic.edu.vn/wp-content/uploads/2020/04/ghe-an-cossack-354-1-baya.vn_.jpg,https://chitrung.bmic.edu.vn/sản%20phẩm/ghe-an-cossack-2/,"Ghế","Chí Trung",699000VND,in stock,354_278,https://chitrung.bmic.edu.vn/cart/?add-to-cart=278,,1970-01-29T00:00+00:00/1970-01-30T23:59+00:00,699000VND,new,published,,
355_277,"Ghế ăn COSSACK","Thiết kế hiện đại với chân kim loại chắc chắn và mặt ghế PVC đẹp mắt. Sản phẩm dễ di chuyển và có 2 màu để bạn chọn.",https://chitrung.bmic.edu.vn/wp-content/uploads/2020/04/ghe-an-cossack-355-1-baya.vn_.jpg,https://chitrung.bmic.edu.vn/sản%20phẩm/ghe-an-cossack/,"Ghế","Chí Trung",699000VND,in stock,355_277,https://chitrung.bmic.edu.vn/cart/?add-to-cart=277,,1970-01-29T00:00+00:00/1970-01-30T23:59+00:00,699000VND,new,published,,
374_276,"Ghế ăn KITKA","Ghế ăn KITKA với thiết kế đơn giản theo phong cách châu Á cổ điển, chất liệu gỗ cao su bền chắc và gam màu nâu thẫm mang vẻ đẹp ấm cúng vào phòng ăn gia đình bạn. Đệm ngồi làm từ mút bọc da tổng hợp êm ái, góp phần tô điểm cho không gian sang trọng. Kết hợp trọn bộ với bàn ăn KITKA để hoàn thiện nội thất tổ ấm bạn.",https://chitrung.bmic.edu.vn/wp-content/uploads/2020/04/ghe-an-kitka-374-1-baya.vn_.jpg,https://chitrung.bmic.edu.vn/sản%20phẩm/ghe-an-kitka/,"Ghế","Chí Trung",849000VND,in stock,374_276,https://chitrung.bmic.edu.vn/cart/?add-to-cart=276,,1970-01-29T00:00+00:00/1970-01-30T23:59+00:00,849000VND,new,published,,
375_275,"Ghế ăn MARLOW","Ghế MARLOW từ gỗ sồi với màu sắc tự nhiên đẹp mắt, khung ghế vững chãi và cho độ bền cao.",https://chitrung.bmic.edu.vn/wp-content/uploads/2020/04/ghe-an-marlow-375-1-baya.vn_.jpg,https://chitrung.bmic.edu.vn/sản%20phẩm/ghe-an-marlow/,"Ghế","Chí Trung",1490000VND,in stock,375_275,https://chitrung.bmic.edu.vn/cart/?add-to-cart=275,,1970-01-29T00:00+00:00/1970-01-30T23:59+00:00,1490000VND,new,published,,
388_274,"Ghế ăn QATAR","Thiết kế vững chãi từ gỗ cao su thiên nhiên cho không gian sống hiện đại.",https://chitrung.bmic.edu.vn/wp-content/uploads/2020/04/ghe-an-qatar-388-1-baya.vn_.jpg,https://chitrung.bmic.edu.vn/sản%20phẩm/ghe-an-qatar/,"Ghế","Chí Trung",699000VND,in stock,388_274,https://chitrung.bmic.edu.vn/cart/?add-to-cart=274,,1970-01-29T00:00+00:00/1970-01-30T23:59+00:00,699000VND,new,published,,
411_273,"Ghế đôn MOZART","Ghế đẩu MOZART do BAYA thiết kế được làm từ gỗ keo sơn trắng với đệm ngồi bọc PVC, đem đến vẻ đẹp sang trọng cho không gian sống. Hãy kết hợp sử dụng chiếc ghế này với các món nội thất khác trong bộ sưu tập MOZART từ BAYA.",https://chitrung.bmic.edu.vn/wp-content/uploads/2020/04/ghe-don-mozart-411-1-baya.vn_.jpg,https://chitrung.bmic.edu.vn/sản%20phẩm/ghe-don-mozart/,"Ghế, Sản Phẩm Sale","Chí Trung",500000VND,in stock,411_273,https://chitrung.bmic.edu.vn/cart/?add-to-cart=273,,1970-01-29T00:00+00:00/2038-01-17T23:59+00:00,350000VND,new,published,,
413_272,"Ghế đôn FRODO","Được thiết kế bởi BAYA, ghế đẩu FRODO thích hợp với các không gian phòng mang hơi thở hiện đại, sang trọng và đầy trang nhã. Ghế được làm từ gỗ MDF trắng, vừa đẹp mắt vừa đảm bảo độ bền lâu dài khi sử dụng. Hãy kết hợp cùng các sản phẩm khác trong bộ sưu tập FRODO đến từ BAYA.",https://chitrung.bmic.edu.vn/wp-content/uploads/2020/04/ghe-don-frodo-413-1-baya.vn_.jpg,https://chitrung.bmic.edu.vn/sản%20phẩm/ghe-don-frodo/,"Ghế","Chí Trung",499000VND,in stock,413_272,https://chitrung.bmic.edu.vn/cart/?add-to-cart=272,,1970-01-29T00:00+00:00/1970-01-30T23:59+00:00,499000VND,new,published,,
1000429• Giường ALI 1m2 - Giá 3,490,000 VND.\n• Giường ALI 1m6 - Giá 4,490,000 VND.\n• Giường HARRIS 1m8 - Giá 7,990,000.\n• GIƯỜNG ALBANY 1m8 - Giá 8,490,000._268,"Giường ALI","Giường ALI được làm từ chất liệu gỗ thông tự nhiên cho độ bền cao, chắc chắn, gam màu nhẹ nhàng, tươi sáng. Thiết kế tối giản với những thanh dọc mang đến vẻ ngoài ưa nhìn cho sản phẩm. Có 3 kích thước giường cho bạn chọn lựa. Hãy kết hợp với các món nội thất khác trong cùng bộ sưu tập ALI từ BAYA.",https://chitrung.bmic.edu.vn/wp-content/uploads/2020/04/giuong-ali-1000429-1-baya.vn_.jpg,https://chitrung.bmic.edu.vn/sản%20phẩm/giuong-ali/,"Giường","Chí Trung",5490000VND,in stock,1000429• Giường ALI 1m2 - Giá 3,490,000 VND.\n• Giường ALI 1m6 - Giá 4,490,000 VND.\n• Giường HARRIS 1m8 - Giá 7,990,000.\n• GIƯỜNG ALBANY 1m8 - Giá 8,490,000._268,https://chitrung.bmic.edu.vn/cart/?add-to-cart=268,,1970-01-29T00:00+00:00/1970-01-30T23:59+00:00,5490000VND,new,published,,
1035537_265,"Giường RALLY","Giường ngủ RALLY có kết cấu vững chắc với 4 chân giường từ gỗ cao su và các chân phụ bên dưới khung giường. Thiết kế tinh tế dành cho những ai ưa chuộng phong cách sống tối giản mà vẫn không kém phần sang trọng. Hãy khám phá bộ sưu tập nội thất RALLY từ BAYA để hoàn thiện tổ ấm của mình.",https://chitrung.bmic.edu.vn/wp-content/uploads/2020/04/RALLY_Bed_Rubber_Wood_Plywood_White_UMA_1035537_corner.jpg,https://chitrung.bmic.edu.vn/sản%20phẩm/giuong-rally/,"Giường","Chí Trung",5490000VND,in stock,1035537_265,https://chitrung.bmic.edu.vn/cart/?add-to-cart=265,,1970-01-29T00:00+00:00/1970-01-30T23:59+00:00,5490000VND,new,published,,
1028485_266,"Giường HARRIS","Là sản phẩm của nội thất BAYA, giường HARRIS mang đến giấc ngủ sâu và ngon hơn cho các thành viên trong gia đình. Giường được làm từ gỗ sồi phủ veneer bền chắc, thiết kế đơn giản nhưng sang trọng và tinh tế. Sản phẩm có chiều cao 109 cm với nhiều kích cỡ cho bạn dễ dàng chọn lựa.",https://chitrung.bmic.edu.vn/wp-content/uploads/2020/04/giuong-harris-1028485-1-baya.vn_.jpg,https://chitrung.bmic.edu.vn/sản%20phẩm/giuong-harris/,"Giường","Chí Trung",5990000VND,in stock,1028485_266,https://chitrung.bmic.edu.vn/cart/?add-to-cart=266,,1970-01-29T00:00+00:00/1970-01-30T23:59+00:00,5990000VND,new,published,,
1026580_267,"Giường HARRIS","Là sản phẩm của nội thất BAYA, giường HARRIS mang đến giấc ngủ sâu và ngon hơn cho các thành viên trong gia đình. Giường được làm từ gỗ sồi phủ veneer bền chắc, thiết kế đơn giản nhưng sang trọng và tinh tế. Sản phẩm có chiều cao 109 cm với nhiều kích cỡ cho bạn dễ dàng chọn lựa.",https://chitrung.bmic.edu.vn/wp-content/uploads/2020/04/giuong-harris-1026580-1-baya.vn_.jpg,https://chitrung.bmic.edu.vn/sản%20phẩm/giuong-harris-2/,"Giường, Sản Phẩm Sale","Chí Trung",15600000VND,in stock,1026580_267,https://chitrung.bmic.edu.vn/cart/?add-to-cart=267,,1970-01-29T00:00+00:00/2038-01-17T23:59+00:00,11990000VND,new,published,,
428_269,"Ghế đôn NAGASAKI","Ghế đôn phong cách Nhật Bản với gỗ và đệm ngồi êm ái bọc polyester. Có thể chồng nhiều ghế lên nhau để tiết kiệm không gian.",https://chitrung.bmic.edu.vn/wp-content/uploads/2020/04/ghe-don-nagasaki-428-1-baya.vn_.jpg,https://chitrung.bmic.edu.vn/sản%20phẩm/ghe-don-nagasaki/,"Ghế","Chí Trung",499000VND,in stock,428_269,https://chitrung.bmic.edu.vn/cart/?add-to-cart=269,,1970-01-29T00:00+00:00/1970-01-30T23:59+00:00,499000VND,new,published,,
421_270,"Ghế đôn cao JEFFERSON","Ghế đẩu gỗ tự nhiên với phần khung chắc chắn, màu sắc đẹp mắt, thích hợp sử dụng tại quầy bar, bàn bếp. Sản phẩm có 2 kích cỡ cho bạn lựa chọn.",https://chitrung.bmic.edu.vn/wp-content/uploads/2020/04/ghe-don-cao-jefferson-421-1-baya.vn_.jpg,https://chitrung.bmic.edu.vn/sản%20phẩm/ghe-don-cao-jefferson/,"Ghế","Chí Trung",899000VND,in stock,421_270,https://chitrung.bmic.edu.vn/cart/?add-to-cart=270,,1970-01-29T00:00+00:00/1970-01-30T23:59+00:00,899000VND,new,published,,
4469_271,"Ghế đôn TOTEM","Ghế đôn TOTEM được làm từ chất liệu gỗ cao su bền chắc với đường vân và màu sắc tự nhiên đẹp mắt. Sản phẩm có thiết kế đơn giản, gọn nhẹ, dễ phối hợp với các kiểu bàn ghế khác nhau giúp bạn nhanh chóng có thêm một chỗ ngồi thư giãn. Chọn ngay ghế đôn TOTEM để hoàn thiện không gian sống mang phong cách Bắc Âu đương đại thanh lịch và tinh tế.",https://chitrung.bmic.edu.vn/wp-content/uploads/2020/04/ghe-don-totem-4469-1-baya.vn_.jpg,https://chitrung.bmic.edu.vn/sản%20phẩm/ghe-don-totem/,"Ghế","Chí Trung",199000VND,in stock,4469_271,https://chitrung.bmic.edu.vn/cart/?add-to-cart=271,,1970-01-29T00:00+00:00/1970-01-30T23:59+00:00,199000VND,new,published,,
1053852_264,"Giường BERNIE","Là sản phẩm được thiết kế bởi BAYA, giường BERNIE mang đến giấc ngủ sâu và ngon hơn cho các thành viên trong gia đình. Giường được làm từ gỗ công nghiệp MFC bền chắc, có 2 hộc kéo từ bên trái và bên phải tiện dụng, cho bạn thoải mái lưu trữ đồ dùng. Sản phẩm có chiều cao 70cm với 2 kích cỡ cho bạn dễ dàng chọn lựa.",https://chitrung.bmic.edu.vn/wp-content/uploads/2020/04/BERNIE_NEW_Bed_Melamine_Faced_Chipboard_MFC_Natural_UMA_1053852.jpg,https://chitrung.bmic.edu.vn/sản%20phẩm/giuong-bernie/,"Giường, Sản Phẩm Sale","Chí Trung",15490000VND,in stock,1053852_264,https://chitrung.bmic.edu.vn/cart/?add-to-cart=264,,1970-01-29T00:00+00:00/2038-01-17T23:59+00:00,9300000VND,new,published,,
1089134_262,"Giường ALBANY","Được thiết kế theo phong cách châu Á đương đại, giường ngủ ALBANY góp phần làm hoàn hảo cho không gian phòng ngủ của bạn. Giường được làm từ gỗ sồi cao cấp, phủ lớp veneer màu nâu đậm sang trọng. Phần chân giường chắc chắn với gỗ sồi miếng bản to cứng cáp, đảm bảo độ bền lâu dài cho sản phẩm. Bạn có thể chọn mua giường với kích thước King Size hoặc Queen Size trong bộ sưu tập ALBANY đẹp mắt và tinh tế.",https://chitrung.bmic.edu.vn/wp-content/uploads/2020/04/giuong-albany-1089134-1.jpg,https://chitrung.bmic.edu.vn/sản%20phẩm/giuong-albany/,"Giường, Sản Phẩm Sale","Chí Trung",15050000VND,in stock,1089134_262,https://chitrung.bmic.edu.vn/cart/?add-to-cart=262,,1970-01-29T00:00+00:00/2038-01-17T23:59+00:00,11500000VND,new,published,,
1100242• Thiết kế đặc biệt của BAYA • Thành phần gỗ sồi cao cấp, bền chắc • Kiểu dáng đơn giản, sang trọng_261,"Khung giường ATTILA","Việt Nam",https://chitrung.bmic.edu.vn/wp-content/uploads/2020/04/attila_bed_frame_baya_1100242_1.jpg,https://chitrung.bmic.edu.vn/sản%20phẩm/khung-giuong-attila/,"Giường","Chí Trung",7990000VND,in stock,1100242• Thiết kế đặc biệt của BAYA • Thành phần gỗ sồi cao cấp, bền chắc • Kiểu dáng đơn giản, sang trọng_261,https://chitrung.bmic.edu.vn/cart/?add-to-cart=261,,1970-01-29T00:00+00:00/1970-01-30T23:59+00:00,7990000VND,new,published,,
1100259• Thiết kế đặc biệt của BAYA • Thành phần gỗ sồi cao cấp, bền chắc • Kiểu dáng đơn giản, sang trọng_260,"Bộ ngăn kéo ATTILA","Việt Nam",https://chitrung.bmic.edu.vn/wp-content/uploads/2020/04/attila_set_of_drawers_baya_1100259_1.jpg,https://chitrung.bmic.edu.vn/sản%20phẩm/bo-ngan-keo-attila/,"Giường","Chí Trung",1990000VND,in stock,1100259• Thiết kế đặc biệt của BAYA • Thành phần gỗ sồi cao cấp, bền chắc • Kiểu dáng đơn giản, sang trọng_260,https://chitrung.bmic.edu.vn/cart/?add-to-cart=260,,1970-01-29T00:00+00:00/1970-01-30T23:59+00:00,1990000VND,new,published,,
1098976Sản phẩm gồm:• 01 x Bàn ăn VERONA.• 04 x Ghế ăn VERONA.GIÁ: 4,286,0003,790,000._256,"Bộ bàn ăn 4 ghế VERONA","Bộ bàn & 4 ghế ăn VERONA nổi bật với thiết kế ấn tượng cùng chất liệu gỗ MDF bền chắc phủ màu sơn trắng tinh khôi, trang nhã. Bề mặt sản phẩm nhẵn đẹp và khung kim loại vững chãi mang lại vẻ sang trọng thích hợp với nhiều không gian nội thất khác nhau.",https://chitrung.bmic.edu.vn/wp-content/uploads/2020/04/0_1.jpg,https://chitrung.bmic.edu.vn/sản%20phẩm/bo-ban-an-4-ghe-verona-2/,"Bộ bàn ăn","Chí Trung",3790000VND,in stock,1098976Sản phẩm gồm:• 01 x Bàn ăn VERONA.• 04 x Ghế ăn VERONA.GIÁ: 4,286,0003,790,000._256,https://chitrung.bmic.edu.vn/cart/?add-to-cart=256,,1970-01-29T00:00+00:00/1970-01-30T23:59+00:00,3790000VND,new,published,,
1099089Sản phẩm gồm:• 01 x Bàn ăn PRINCETON.• 06 x Ghế ăn PRINCETON.GIÁ: 18,930,00016,400,000._252,"Bộ bàn ăn 6 ghế PRINCETON","Đơn giản và hiện đại, bộ bàn & 6 ghế ăn PRINCETON là lựa chọn lý tưởng cho phòng ăn gia đình bạn. Chất liệu khung làm từ veneer gỗ sồi, gỗ cao su và MDF bền chắc với gam màu tự nhiên tươi sáng và vân gỗ bắt mắt. Chân bàn được thiết kế ấn tượng, là điểm nhấn cho không gian dùng bữa thêm thu hút. Ghế có đệm ngồi và lưng tựa êm ái mang lại nét sang trọng, tinh tế.",https://chitrung.bmic.edu.vn/wp-content/uploads/2020/04/PRINCETON_Dining_Set_UMA_1099089.jpg,https://chitrung.bmic.edu.vn/sản%20phẩm/bo-ban-an-6-ghe-princeton-2/,"Bộ bàn ăn","Chí Trung",16400000VND,in stock,1099089Sản phẩm gồm:• 01 x Bàn ăn PRINCETON.• 06 x Ghế ăn PRINCETON.GIÁ: 18,930,00016,400,000._252,https://chitrung.bmic.edu.vn/cart/?add-to-cart=252,,1970-01-29T00:00+00:00/1970-01-30T23:59+00:00,16400000VND,new,published,,
1099140Sản phẩm gồm:• 01 x Bàn ăn HARRIS.• 06 x Ghế ăn HARRIS.GIÁ: 14,530,00012,900,000._253,"Bộ bàn ăn 6 ghế HARRIS","Bộ bàn & 6 ghế ăn HARRIS là một sản phẩm đặc biệt trong dòng nội thất cao cấp của BAYA. Thiết kế đơn giản với chất liệu gỗ sồi bền chắc và màu sắc tự nhiên mang lại vẻ đẹp ấm cúng cho phòng ăn gia đình bạn. Đệm ngồi làm từ mút bọc da tổng hợp êm ái, góp phần tô điểm cho không gian sang trọng.",https://chitrung.bmic.edu.vn/wp-content/uploads/2020/04/HARRIS_Dining_Set_UMA_1099140.jpg,https://chitrung.bmic.edu.vn/sản%20phẩm/bo-ban-an-6-ghe-harris/,"Bộ bàn ăn","Chí Trung",12900000VND,in stock,1099140Sản phẩm gồm:• 01 x Bàn ăn HARRIS.• 06 x Ghế ăn HARRIS.GIÁ: 14,530,00012,900,000._253,https://chitrung.bmic.edu.vn/cart/?add-to-cart=253,,1970-01-29T00:00+00:00/1970-01-30T23:59+00:00,12900000VND,new,published,,
1099188Sản phẩm gồm:• 01 x Bàn ăn COBRA.• 04 x Ghế ăn COBRA.GIÁ: 17,830,00015,900,000._254,"Bộ bàn ăn 6 ghế COBRA","Bộ bàn & 6 ghế ăn COBRA là một thiết kế đặc biệt của BAYA, với chất liệu gỗ sồi cao cấp phối màu sắc tự nhiên và đường nét vân gỗ đẹp mắt. Sản phẩm mang lại vẻ đẹp tinh tế hoàn hảo cho tổ ấm bạn. Những chi tiết bo tròn và uốn cong nhẹ nhàng cho bạn cảm giác thoải mái trong không gian dùng bữa.",https://chitrung.bmic.edu.vn/wp-content/uploads/2020/04/COBRA_Dining_Set_UMA_1099188.jpg,https://chitrung.bmic.edu.vn/sản%20phẩm/bo-ban-an-6-ghe-cobra/,"Bộ bàn ăn","Chí Trung",15900000VND,in stock,1099188Sản phẩm gồm:• 01 x Bàn ăn COBRA.• 04 x Ghế ăn COBRA.GIÁ: 17,830,00015,900,000._254,https://chitrung.bmic.edu.vn/cart/?add-to-cart=254,,1970-01-29T00:00+00:00/1970-01-30T23:59+00:00,15900000VND,new,published,,
1098945Sản phẩm gồm:• 01 x Bàn ăn VERONA.• 04 x Ghế ăn VERONA.GIÁ: 5,186,0004,490,000._255,"Bộ bàn ăn 4 ghế VERONA","Bộ bàn & 4 ghế ăn VERONA nổi bật với thiết kế ấn tượng cùng chất liệu gỗ MDF và veneer gỗ óc chó bền chắc màu nâu sẫm hiện đại, tinh tế. Bề mặt sản phẩm nhẵn đẹp và khung kim loại vững chãi mang lại vẻ sang trọng thích hợp với nhiều không gian nội thất khác nhau.",https://chitrung.bmic.edu.vn/wp-content/uploads/2020/04/VERONA_Dining_Table_MDF_Walnut_Veneer_Walnut_UMA_1071665-0.jpg,https://chitrung.bmic.edu.vn/sản%20phẩm/bo-ban-an-4-ghe-verona/,"Bộ bàn ăn","Chí Trung",4490000VND,in stock,1098945Sản phẩm gồm:• 01 x Bàn ăn VERONA.• 04 x Ghế ăn VERONA.GIÁ: 5,186,0004,490,000._255,https://chitrung.bmic.edu.vn/cart/?add-to-cart=255,,1970-01-29T00:00+00:00/1970-01-30T23:59+00:00,4490000VND,new,published,,
1099898• Chất liệu gỗ óc chó cao cấp\n• Khung giường rộng rãi• Phong cách Nhật Bản & Việt Nam đương đại_257,"Giường AKIO","Gỗ Óc chó/Veneer Óc chó",https://chitrung.bmic.edu.vn/wp-content/uploads/2020/04/akio_bed_baya_1099898_1.jpg,https://chitrung.bmic.edu.vn/sản%20phẩm/giuong-akio/,"Giường","Chí Trung",12900000VND,in stock,1099898• Chất liệu gỗ óc chó cao cấp\n• Khung giường rộng rãi• Phong cách Nhật Bản & Việt Nam đương đại_257,https://chitrung.bmic.edu.vn/cart/?add-to-cart=257,,1970-01-29T00:00+00:00/1970-01-30T23:59+00:00,12900000VND,new,published,,
4288_258,"Giường YOKOHAMA","Được làm từ chất liệu Polyester mềm mịn, an toàn cho sức khỏe, giường YOKOHAMA đem đến cho bạn cảm giác êm ái, tựa lưng thư giãn sau những giờ mệt mỏi. Sản phẩm có thiết kế đơn giản nhưng toát lên vẻ hiện đại, sang trọng, nhiều kích cỡ, phù hợp với mọi không gian phòng ngủ của gia đình bạn. Với 6 chân gỗ đóng chuẩn vào khung cùng với màu sắc tươi sáng, bắt mắt, sản phẩm tạo sự vững chắc và bền đẹp theo thời gian.",https://chitrung.bmic.edu.vn/wp-content/uploads/2020/04/giuong-yokohama-4288-1-baya.vn_.jpg,https://chitrung.bmic.edu.vn/sản%20phẩm/giuong-yokohama/,"Giường","Chí Trung",3990000VND,in stock,4288_258,https://chitrung.bmic.edu.vn/cart/?add-to-cart=258,,1970-01-29T00:00+00:00/1970-01-30T23:59+00:00,3990000VND,new,published,,
1462_259,"Giường tầng GRAFFITI","Giường tầng GRAFFITI là một trong những giải pháp tốt nhất cho không gian phòng ngủ nhỏ. Sản phẩm được làm từ chất liệu kim loại phủ sơn tĩnh điện đen sang trọng có thiết kế vững chãi, giúp tiết kiệm diện tích hiệu quả. Thiết kế thông minh giường đi kèm cầu thang tiện dụng để dễ di chuyển.",https://chitrung.bmic.edu.vn/wp-content/uploads/2020/04/giuong-tang-graffiti-1462-1-baya.vn_.jpg,https://chitrung.bmic.edu.vn/sản%20phẩm/giuong-tang-graffiti/,"Giường","Chí Trung",4490000VND,in stock,1462_259,https://chitrung.bmic.edu.vn/cart/?add-to-cart=259,,1970-01-29T00:00+00:00/1970-01-30T23:59+00:00,4490000VND,new,published,,
1099072Sản phẩm gồm:• 01 x Bàn ăn PRINCETON.• 06 x Ghế ăn PRINCETON.GIÁ: 18,930,00016,400,000._251,"Bộ bàn ăn 6 ghế PRINCETON","Đơn giản và hiện đại, bộ bàn & 6 ghế ăn PRINCETON là lựa chọn lý tưởng cho phòng ăn gia đình bạn. Chất liệu khung làm từ veneer gỗ óc chó, gỗ cao su và MDF bền chắc với gam màu nâu thẫm và vân gỗ bắt mắt. Chân bàn được thiết kế ấn tượng, là điểm nhấn cho không gian dùng bữa thêm thu hút. Ghế có đệm ngồi và lưng tựa êm ái mang lại nét sang trọng, tinh tế.",https://chitrung.bmic.edu.vn/wp-content/uploads/2020/04/PRINCETON_Dining_set_UMA_1099072.jpg,https://chitrung.bmic.edu.vn/sản%20phẩm/bo-ban-an-6-ghe-princeton/,"Bộ bàn ăn","Chí Trung",16400000VND,in stock,1099072Sản phẩm gồm:• 01 x Bàn ăn PRINCETON.• 06 x Ghế ăn PRINCETON.GIÁ: 18,930,00016,400,000._251,https://chitrung.bmic.edu.vn/cart/?add-to-cart=251,,1970-01-29T00:00+00:00/1970-01-30T23:59+00:00,16400000VND,new,published,,
1099065Sản phẩm gồm:• 01 x Bàn ăn QATAR.• 06 x Ghế ăn QATAR.GIÁ: 7,184,0006,490,000._250,"Bộ bàn ăn 6 ghế QATAR","Với thiết kế đơn giản và chân phương, bộ bàn & 6 ghế ăn QATAR thích hợp với nhiều phong cách phòng ăn. Sản phẩm làm từ chất liệu gỗ cao su bền chắc, với màu sắc tự nhiên tươi sáng mang lại vẻ đẹp mộc mạc nhưng không kém phần sang trọng cho không gian dùng bữa. Trọn bộ với giá tốt là lựa chọn hoàn hảo cho phòng ăn gia đình bạn.",https://chitrung.bmic.edu.vn/wp-content/uploads/2020/04/QATAR_Dining_Set_UMA_1099065.jpg,https://chitrung.bmic.edu.vn/sản%20phẩm/bo-ban-an-6-ghe-qatar/,"Bộ bàn ăn","Chí Trung",6490000VND,in stock,1099065Sản phẩm gồm:• 01 x Bàn ăn QATAR.• 06 x Ghế ăn QATAR.GIÁ: 7,184,0006,490,000._250,https://chitrung.bmic.edu.vn/cart/?add-to-cart=250,,1970-01-29T00:00+00:00/1970-01-30T23:59+00:00,6490000VND,new,published,,
1098075_249,"Bộ bàn ăn 6 ghế HUNG-VUONG","Nằm trong bộ sưu tập đậm chất truyền thống của nội thất BAYA, bộ bàn & 6 ghế ăn Hùng Vương gây ấn tượng bởi thiết kế đơn giản nhưng đầy tinh tế, sang trọng. Sản phẩm được làm từ gỗ keo chắc chắn với màu nâu sậm quý phái, mang đến độ bền lâu dài khi sử dụng. Kết hợp với các sản phẩm khác trong cùng bộ sưu tập Hùng Vương để hoàn thiện việc bày trí.",https://chitrung.bmic.edu.vn/wp-content/uploads/2020/04/hung_vuong_dining_table_set_uma_1098075.jpg,https://chitrung.bmic.edu.vn/sản%20phẩm/bo-ban-an-6-ghe-hung-vuong/,"Bộ bàn ăn","Chí Trung",12900000VND,in stock,1098075_249,https://chitrung.bmic.edu.vn/cart/?add-to-cart=249,,1970-01-29T00:00+00:00/1970-01-30T23:59+00:00,12900000VND,new,published,,
1099232_248,"Bộ bàn ăn 6 ghế ATTILA","Bộ bàn & 6 ghế ăn ATTILA do BAYA thiết kế thuận theo tư thế ngồi tự nhiên, với vẻ đẹp từ những vân gỗ sồi và cấu trúc vững chãi góp phần làm cho bữa ăn gia đình thêm ấm cúng. Khung gỗ sồi đặc và mặt bàn phủ veneer gỗ sồi chất lượng cao, cùng đệm ngồi từ mút bọc da tổng hợp êm ái cho không gian dùng bữa của bạn thoải mái hơn bao giờ hết.",https://chitrung.bmic.edu.vn/wp-content/uploads/2020/04/ATTILA_Dining_set_UMA_1099232.jpg,https://chitrung.bmic.edu.vn/sản%20phẩm/bo-ban-an-6-ghe-attila/,"Bộ bàn ăn","Chí Trung",18400000VND,in stock,1099232_248,https://chitrung.bmic.edu.vn/cart/?add-to-cart=248,,1970-01-29T00:00+00:00/1970-01-30T23:59+00:00,18400000VND,new,published,,
1099133Sản phẩm gồm:• 01 x Bàn ăn KITKA.• 06 x Ghế ăn KITKA.GIÁ: 8,584,0007,690,000._247,"Bộ bàn ăn 6 ghế KITKA","Bộ bàn & 6 ghế ăn KITKA với thiết kế đơn giản theo phong cách châu Á cổ điển, chất liệu gỗ cao su bền chắc và gam màu nâu thẫm mang vẻ đẹp ấm cúng vào phòng ăn gia đình bạn. Đệm ngồi làm từ mút bọc da tổng hợp êm ái, góp phần tô điểm cho không gian sang trọng. Trọn bộ với giá tốt là lựa chọn hoàn hảo mà BAYA dành tặng tổ ấm bạn.",https://chitrung.bmic.edu.vn/wp-content/uploads/2020/04/KITKA_Dining_Set_UMA_1099133.jpg,https://chitrung.bmic.edu.vn/sản%20phẩm/bo-ban-an-6-ghe-kitka/,"Bộ bàn ăn","Chí Trung",7690000VND,in stock,1099133Sản phẩm gồm:• 01 x Bàn ăn KITKA.• 06 x Ghế ăn KITKA.GIÁ: 8,584,0007,690,000._247,https://chitrung.bmic.edu.vn/cart/?add-to-cart=247,,1970-01-29T00:00+00:00/1970-01-30T23:59+00:00,7690000VND,new,published,,
1089202_244,"Bàn cà phê ALBANY","Nằm trong bộ sưu tập ALBANY làm từ chất liệu gỗ sồi tự nhiên bền chắc, bàn cà phê ALBANY có kiểu dáng truyền thống với chân bàn thấp làm từ gỗ sồi đặc. Mặt bàn được làm từ gỗ MDF chống ẩm phủ lớp veneer màu gỗ sậm đẹp mắt và sang trọng. Sản phẩm thích hợp với những gia đình có nội thất theo phong cách châu Á hiện đại tối giản đầy tinh tế.",https://chitrung.bmic.edu.vn/wp-content/uploads/2020/04/ban-ca-phe-albany-1089202-1.jpg,https://chitrung.bmic.edu.vn/sản%20phẩm/ban-ca-phe-albany/,"Bàn","Chí Trung",2990000VND,in stock,1089202_244,https://chitrung.bmic.edu.vn/cart/?add-to-cart=244,,1970-01-29T00:00+00:00/1970-01-30T23:59+00:00,2990000VND,new,published,,
1096538_241,"Bàn cà phê CONNEMARA","Bàn café CONNEMARA là một thiết kế đặc biệt của BAYA, lấy cảm hứng từ phong cách Art Deco ấn tượng. Mặt bàn phủ veneer gỗ sồi với vân gỗ đối xứng, cùng những đường bo cạnh và kiểu dáng chân bàn hiện đại mang lại vẻ đẹp cá tính cho không gian thư giãn của bạn. Kết hợp đầy đủ bộ sưu tập CONNEMARA để hoàn thiện việc bày trí ngôi nhà sang trọng và ấm cúng.",https://chitrung.bmic.edu.vn/wp-content/uploads/2020/04/CONNEMARA_Coffee_table_UMA_1096538_1_1.jpg,https://chitrung.bmic.edu.vn/sản%20phẩm/ban-ca-phe-connemara/,"Bàn","Chí Trung",3290000VND,in stock,1096538_241,https://chitrung.bmic.edu.vn/cart/?add-to-cart=241,,1970-01-29T00:00+00:00/1970-01-30T23:59+00:00,3290000VND,new,published,,
1096521_242,"Bàn góc CONNEMARA","Bàn góc CONNEMARA - một thiết kế đặc biệt của BAYA là nơi bạn có thể đặt những ly cocktail ưa thích. Mặt bàn phủ veneer gỗ sồi với vân gỗ đối xứng, cùng những đường bo cạnh và kiểu dáng chân bàn lạ mắt mang lại vẻ đẹp cá tính cho không gian thư giãn của bạn. Kết hợp đầy đủ bộ sưu tập CONNEMARA để hoàn thiện việc bày trí ngôi nhà sang trọng và ấm cúng.",https://chitrung.bmic.edu.vn/wp-content/uploads/2020/04/CONNEMARA_Nesting_tables_UMA_1096521_1.jpg,https://chitrung.bmic.edu.vn/sản%20phẩm/ban-goc-connemara/,"Bàn","Chí Trung",1190000VND,in stock,1096521_242,https://chitrung.bmic.edu.vn/cart/?add-to-cart=242,,1970-01-29T00:00+00:00/1970-01-30T23:59+00:00,1190000VND,new,published,,
1094022_243,"Bàn cà phê AMADEUS","Bàn cafe AMADEUS được BAYA thiết kế với mặt bàn gỗ sồi màu mật ong cùng đường bo cạnh oval cách điệu cho phòng khách của bạn một nét đẹp cổ điển. Mặt bàn làm từ gỗ sồi đặc phủ PU dễ lau chùi, hạn chế các vết xước và bền chắc theo thời gian. Ngăn kéo sử dụng được hai chiều và phần kệ mở phía dưới cho bạn thoải mái cất giữ các vật dụng cần thiết.",https://chitrung.bmic.edu.vn/wp-content/uploads/2020/04/AMADEUS_Coffee_table_UMA_1094022_1.jpg,https://chitrung.bmic.edu.vn/sản%20phẩm/ban-ca-phe-amadeus/,"Bàn, Phòng Khách","Chí Trung",2495000VND,in stock,1094022_243,https://chitrung.bmic.edu.vn/cart/?add-to-cart=243,,1970-01-29T00:00+00:00/1970-01-30T23:59+00:00,2495000VND,new,published,,
1098938Sản phẩm gồm:• 01 x Bàn ăn VERONA.• 06 x Ghế ăn VERONA.GIÁ: 9,584,0006,990,000._245,"Bộ bàn ăn 6 ghế VERONA","Bộ bàn & 6 ghế ăn VERONA nổi bật với thiết kế ấn tượng cùng chất liệu gỗ MDF và veneer gỗ sồi bền chắc màu sắc tự nhiên tươi sáng. Bề mặt sản phẩm nhẵn đẹp và khung kim loại vững chãi mang lại vẻ sang trọng thích hợp với nhiều không gian nội thất khác nhau.",https://chitrung.bmic.edu.vn/wp-content/uploads/2020/04/0.jpg,https://chitrung.bmic.edu.vn/sản%20phẩm/bo-ban-an-6-ghe-verona/,"Bộ bàn ăn","Chí Trung",6990000VND,in stock,1098938Sản phẩm gồm:• 01 x Bàn ăn VERONA.• 06 x Ghế ăn VERONA.GIÁ: 9,584,0006,990,000._245,https://chitrung.bmic.edu.vn/cart/?add-to-cart=245,,1970-01-29T00:00+00:00/1970-01-30T23:59+00:00,6990000VND,new,published,,
1098990_246,"Bộ bàn ăn 6 ghế VERONA","Bộ bàn & 6 ghế ăn VERONA nổi bật với thiết kế ấn tượng cùng chất liệu gỗ MDF bền chắc phủ màu sơn trắng tinh khôi, trang nhã. Bề mặt sản phẩm nhẵn đẹp và khung kim loại vững chãi mang lại vẻ sang trọng thích hợp với nhiều không gian nội thất khác nhau.",https://chitrung.bmic.edu.vn/wp-content/uploads/2020/04/0_2.jpg,https://chitrung.bmic.edu.vn/sản%20phẩm/bo-ban-an-6-ghe-verona-2/,"Bộ bàn ăn","Chí Trung",5990000VND,in stock,1098990_246,https://chitrung.bmic.edu.vn/cart/?add-to-cart=246,,1970-01-29T00:00+00:00/1970-01-30T23:59+00:00,5990000VND,new,published,,
1098716_240,"Bàn ngoài trời RIVIERA","Bàn ngoài trời RIVIERA là lựa chọn hoàn hảo cho khu vườn nhà của bạn. Thiết kế đơn giản, ấn tượng với khung kim loại bền bỉ có thể gấp gọn và dễ di chuyển giúp tiết kiệm diện tích. Sản phẩm sở hữu mặt gỗ với màu sắc hiện đại, đẹp mắt và góp phần hoàn thiện không gian sống của gia đình bạn.",https://chitrung.bmic.edu.vn/wp-content/uploads/2020/04/RIVIERA_Outdoor_Table_UMA_1098716_1_2.jpg,https://chitrung.bmic.edu.vn/sản%20phẩm/ban-ngoai-troi-riviera/,"Bàn","Chí Trung",599000VND,in stock,1098716_240,https://chitrung.bmic.edu.vn/cart/?add-to-cart=240,,1970-01-29T00:00+00:00/1970-01-30T23:59+00:00,599000VND,new,published,,
211_239,"Bàn cà phê CLARK","Bàn cà phê CLARK với thiết kế nhỏ gọn là điểm nhấn độc đáo tô điểm cho không gian phòng khách của bạn. Sản phẩm làm từ gỗ keo bền chắc cùng màu sơn đen tạo vẻ ngoài tinh tế, phù hợp với những ai yêu thích phong cách đơn giản, tiện nghi và hiện đại.",https://chitrung.bmic.edu.vn/wp-content/uploads/2020/04/ban-ca-phe-clark-211-baya.vn_.jpg,https://chitrung.bmic.edu.vn/sản%20phẩm/ban-ca-phe-clark/,"Bàn, Phòng Khách","Chí Trung",2290000VND,in stock,211_239,https://chitrung.bmic.edu.vn/cart/?add-to-cart=239,,1970-01-29T00:00+00:00/1970-01-30T23:59+00:00,2290000VND,new,published,,
298_238,"Bàn ăn DYNAMO","Với thiết kế đơn giản và thanh lịch, bàn ăn DYNAMO thích hợp với không gian phòng ăn hiện đại. Chân bàn từ gỗ keo đặc và mặt bàn phủ veneer giúp tăng thêm độ bền và vẻ đẹp cho sản phẩm. Kết hợp bàn cùng ghế ăn trong cùng bộ sưu tập DYNAMO để hoàn thiện phòng ăn sang trọng của gia đình bạn.",https://chitrung.bmic.edu.vn/wp-content/uploads/2020/04/ban-an-dynamo-298-baya.vn_.jpg,https://chitrung.bmic.edu.vn/sản%20phẩm/ban-an-dynamo/,"Bàn","Chí Trung",2990000VND,in stock,298_238,https://chitrung.bmic.edu.vn/cart/?add-to-cart=238,,1970-01-29T00:00+00:00/1970-01-30T23:59+00:00,2990000VND,new,published,,
307_237,"Bàn ăn KITKA","Bàn ăn phong cách Á Châu cổ điển với khung chắc chắn và màu sắc ấm áp. Xem thêm nhiều sản phẩm hơn trong bộ sưu tập nội thất KITKA từ BAYA.",https://chitrung.bmic.edu.vn/wp-content/uploads/2020/04/ban-an-kitka-307-1-baya.vn_1.jpg,https://chitrung.bmic.edu.vn/sản%20phẩm/ban-an-kitka/,"Bàn","Chí Trung",3490000VND,in stock,307_237,https://chitrung.bmic.edu.vn/cart/?add-to-cart=237,,1970-01-29T00:00+00:00/1970-01-30T23:59+00:00,3490000VND,new,published,,
313_236,"Bàn ăn MOZART","Bàn ăn MOZART do BAYA thiết kế đem đến vẻ đẹp sang trọng cho không gian dùng bữa. Chân bàn phủ sơn trắng trang nhã kết hợp mặt gỗ màu sắc tự nhiên. Hãy bổ sung thêm các món nội thất khác trong bộ sưu tập MOZART.",https://chitrung.bmic.edu.vn/wp-content/uploads/2020/04/ban-an-mozart-313-1-baya.vn_.jpg,https://chitrung.bmic.edu.vn/sản%20phẩm/ban-an-mozart/,"Bàn","Chí Trung",1990000VND,in stock,313_236,https://chitrung.bmic.edu.vn/cart/?add-to-cart=236,,1970-01-29T00:00+00:00/1970-01-30T23:59+00:00,1990000VND,new,published,,
321_235,"Bàn ăn QATAR","Bàn ăn QATAR vững chắc và đẹp tự nhiên. Hãy kết hợp với ghế ăn QATAR để có bộ sản phẩm hoàn chỉnh.",https://chitrung.bmic.edu.vn/wp-content/uploads/2020/04/ban-an-qatar-321-1-baya.vn_.jpg,https://chitrung.bmic.edu.vn/sản%20phẩm/ban-an-qatar/,"Bàn","Chí Trung",2990000VND,in stock,321_235,https://chitrung.bmic.edu.vn/cart/?add-to-cart=235,,1970-01-29T00:00+00:00/1970-01-30T23:59+00:00,2990000VND,new,published,,
4159_234,"Bàn cà phê TREVOR","Bàn cà phê TREVOR với thiết kế đơn giản, hiện đại với ngăn chứa bên dưới và bao gồm 2 kích cỡ. Hãy kết hợp cùng kệ tivi TREVOR để hoàn thiện góc thư giãn trong phòng khách.",https://chitrung.bmic.edu.vn/wp-content/uploads/2020/04/ban-ca-phe-trevor-4159-1-baya.vn_.jpg,https://chitrung.bmic.edu.vn/sản%20phẩm/ban-ca-phe-trevor/,"Bàn","Chí Trung",2990000VND,in stock,4159_234,https://chitrung.bmic.edu.vn/cart/?add-to-cart=234,,1970-01-29T00:00+00:00/1970-01-30T23:59+00:00,2990000VND,new,published,,
4379_233,"Bàn ăn BIANCA","Bàn ăn BIANCA với thiết kế có thể mở rộng thích hợp cho không gian nhỏ hẹp. Sản phẩm còn có 2 hộc kéo dành cho các dụng cụ ăn. Hãy bổ sung ghế xếp trong cùng bộ sưu tập BIANCA để có bộ bàn ăn hoàn chỉnh. Khi không sử dụng, bạn có thể đặt gọn ghế vào gầm bàn.",https://chitrung.bmic.edu.vn/wp-content/uploads/2020/04/ban-an-bianca-4379-1-baya.vn_.jpg,https://chitrung.bmic.edu.vn/sản%20phẩm/ban-an-bianca/,"Bàn","Chí Trung",2990000VND,in stock,4379_233,https://chitrung.bmic.edu.vn/cart/?add-to-cart=233,"https://chitrung.bmic.edu.vn/wp-content/uploads/2020/04/ban-an-bianca-4379-6-baya.vn_.jpg,https://chitrung.bmic.edu.vn/wp-content/uploads/2020/04/ban-an-bianca-4379-9-baya.vn_.jpg,https://chitrung.bmic.edu.vn/wp-content/uploads/2020/04/ban-an-bianca-4379-3-baya.vn_.jpg",1970-01-29T00:00+00:00/1970-01-30T23:59+00:00,2990000VND,new,published,,
